{

    "requestHeader": {
        "transactionRefNo": "51152314090503264489",
        "sourceChannel": "SGM2U",
        "sourceId": "ESBMY",
        "sourceCountry": "SG",
        "destinationCountry": "MY",
        "transactionDate": "20230914",
        "transactionTime": "134305",
        "transactionType": "INWTRANS",
        "transactionSubType": "INWSGTOMY",
        "requestor": "testuser"
    },
    "requestBody": {
        "debitorInfo": {
            "customerInfo": {
                "customerType": "O",
                "cifNumber": "S013824",
                "customerName": {
                    "fullName": "MAYBANK:TESTER"
                },
                "customerAddress": {
                    "streetName": "BTUUTV ECLR",
                    "buildingNumber": "7",
                    "buildingName": "HLQICQS ULSLE XCDUVTM",
                    "floor": "03",
                    "postBox": "",
                    "room": "19",
                    "postcode": "000089053",
                    "townName": "SINGAPORE",
                    "country": "SG",
                    "addressType": ""
                },
                "customisedName": "",
                "customerId": {
                    "idType": "BR",
                    "idNumber": "19970481Z",
                    "idIssueCountry": "SG"
                },
                "customerNationality": "MY",
                "foreignWorkerInd": "Y",
                "citizenship": " ",
                "emailId": "",
                "hpPhoneNumber": "",
                "staffInd": ""
            },
            "accountInfo": {
                "accountNumber": "04131001191413100119",
                "accountCurrency": "SGD",
                "accountAddress": {
                    "streetName": "",
                    "buildingNumber": "",
                    "buildingName": "",
                    "floor": "",
                    "postBox": "",
                    "room": "",
                    "postcode": "",
                    "townName": "",
                    "country": "",
                    "addressType": ""
                },
                "accountType": "CA",
                "accountName": [
                    {
                        "fullName": "Deuts"
                    }
                ]
            },
            "bankInfo": {
                "bankCode": "7302",
                "branchCode": "1",
                "swiftBIC": "MBBESGS2XXX",
                "bankName": " "
            }
        },
        "creditorInfo": {
            "customerInfo": {
                "customerType": "I",
                "cifNumber": "S013824",
                "customerName": {
                    "fullName": "Deuts"
                },
                "customerAddress": {
                    "streetName": "",
                    "buildingNumber": "",
                    "buildingName": "",
                    "floor": "",
                    "postBox": "",
                    "room": "",
                    "postcode": "",
                    "townName": "",
                    "country": "",
                    "addressType": ""
                },
                "customisedName": "Deuts",
                "customerId": {
                    "idType": " ",
                    "idNumber": "1234",
                    "idIssueCountry": ""
                },
                "customerNationality": "MY",
                "foreignWorkerInd": "N",
                "citizenship": "",
                "emailId": "",
                "hpPhoneNumber": "",
                "staffInd": ""
            },
            "accountInfo": {
                "accountNumber": "10202304040",
                "accountCurrency": "MYR",
                "accountAddress": {
                    "streetName": "",
                    "buildingNumber": "",
                    "buildingName": "",
                    "floor": "",
                    "postBox": "",
                    "room": "",
                    "postcode": "",
                    "townName": "",
                    "country": "",
                    "addressType": ""
                },
                "accountType": "CA",
                "accountName": [
                    {
                        "fullName": "Deuts"
                    }
                ]
            },
            "bankInfo": {
                "bankCode": "1002",
                "branchCode": "231",
                "swiftBIC": "DEUTMY21",
                "bankName": ""
            }
        },
        "paymentInfo": {
            "debitDetails": {
                "debitAmount": "3450.00",
                "debitedDate": "20230913",
                "debitCurrency": "SGD"
            },
            "rateInfo": {
                "exchangeRate": "3.0637000",
                "dealNumber": "",
                "conversionUnits": 100,
                "rateType": "1",
                "dealID": ""
            },
            "creditDetails": {
                "creditAmount": "10776.14",
                "creditCurrency": "MYR",
                "creditDate": ""
            },
            "transDetails": "test",
            "purposeCode": "00B28",
            "subPurposeCode": "",
            "islamicInd": "C",
            "relationStatus": "1"
        },
        "chargesInfo": {
            "agentFee": "0.00",
            "serviceChargeAmt": "10.00",
            "othCharge1": "10.00",
            "othCharge2": "5.00",
            "fcServiceCharges": "",
            "fcAgentFee": "",
            "othCharge1Fca": "",
            "othCharge2Fca": ""
        },
        "otherInfo": {
            "referenceNumber": "SMRU1409CAC345",
            "serviceProvider": "RENTAS",
            "rejectedTrans": "N",
            "srvRefNo": "",
            "srvStatus": "",
            "oldRefNumber": "",
            "bizmessageIdInq": "20230914MBBEMYKL110ORB90022095",
            "valueDate": "",
            "processCode": ""
        }
    }
}

