{
	"$schema": "https://json-schema.org/draft/2019-09/schema",
	"$id": "http://example.com/example.json",
	"type": "object",
	"default": {},
	"title": "Root Schema",
	"required": [
		"requestHeader",
		"requestBody"
	],
	"properties": {
		"requestHeader": {
			"type": "object",
			"default": {},
			"title": "The requestHeader Schema",
			"required": [
				"transactionRefNo",
				"sourceChannel",
				"sourceId",
				"sourceCountry",
				"destinationCountry",
				"transactionDate",
				"transactionTime",
				"transactionType",
				"transactionSubType",
				"requestor"
			],
			"properties": {
				"transactionRefNo": {
					"type": "string",
					"default": "",
					"title": "The transactionRefNo Schema",
					"examples": [
						"51152314090503264489"
					]
				},
				"sourceChannel": {
					"type": "string",
					"default": "",
					"title": "The sourceChannel Schema",
					"examples": [
						"SGM2U"
					]
				},
				"sourceId": {
					"type": "string",
					"default": "",
					"title": "The sourceId Schema",
					"examples": [
						"ESBMY"
					]
				},
				"sourceCountry": {
					"type": "string",
					"default": "",
					"title": "The sourceCountry Schema",
					"examples": [
						"SG"
					]
				},
				"destinationCountry": {
					"type": "string",
					"default": "",
					"title": "The destinationCountry Schema",
					"examples": [
						"MY"
					]
				},
				"transactionDate": {
					"type": "string",
					"default": "",
					"title": "The transactionDate Schema",
					"examples": [
						"20230914"
					]
				},
				"transactionTime": {
					"type": "string",
					"default": "",
					"title": "The transactionTime Schema",
					"examples": [
						"134305"
					]
				},
				"transactionType": {
					"type": "string",
					"default": "",
					"title": "The transactionType Schema",
					"examples": [
						"INWTRANS"
					]
				},
				"transactionSubType": {
					"type": "string",
					"default": "",
					"title": "The transactionSubType Schema",
					"examples": [
						"INWSGTOMY"
					]
				},
				"requestor": {
					"type": "string",
					"default": "",
					"title": "The requestor Schema",
					"examples": [
						"testuser"
					]
				}
			},
			"examples": [
				{
					"transactionRefNo": "51152314090503264489",
					"sourceChannel": "SGM2U",
					"sourceId": "ESBMY",
					"sourceCountry": "SG",
					"destinationCountry": "MY",
					"transactionDate": "20230914",
					"transactionTime": "134305",
					"transactionType": "INWTRANS",
					"transactionSubType": "INWSGTOMY",
					"requestor": "testuser"
				}
			]
		},
		"requestBody": {
			"type": "object",
			"default": {},
			"title": "The requestBody Schema",
			"required": [
				"debitorInfo",
				"creditorInfo",
				"paymentInfo",
				"chargesInfo",
				"otherInfo"
			],
			"properties": {
				"debitorInfo": {
					"type": "object",
					"default": {},
					"title": "The debitorInfo Schema",
					"required": [
						"customerInfo",
						"accountInfo",
						"bankInfo"
					],
					"properties": {
						"customerInfo": {
							"type": "object",
							"default": {},
							"title": "The customerInfo Schema",
							"required": [
								"customerType",
								"cifNumber",
								"customerName",
								"customerAddress",
								"customisedName",
								"customerId",
								"customerNationality",
								"foreignWorkerInd",
								"citizenship",
								"emailId",
								"hpPhoneNumber",
								"staffInd"
							],
							"properties": {
								"customerType": {
									"type": "string",
									"default": "",
									"enum": ["I-Individual", "O-Corporate"],
									"title": "The customerType Schema",
									"examples": [
										"O"
									]
								},
								"cifNumber": {
									"type": "string",
									"default": "",
									"title": "The cifNumber Schema",
									"examples": [
										"S013824"
									]
								},
								"customerName": {
									"type": "object",
									"default": {},
									"title": "The customerName Schema",
									"required": [
										"fullName"
									],
									"properties": {
										"fullName": {
											"type": "string",
											"default": "",
											"title": "The fullName Schema",
											"examples": [
												"MAYBANK:TESTER"
											]
										}
									},
									"examples": [
										{
											"fullName": "MAYBANK:TESTER"
										}
									]
								},
								"customerAddress": {
									"type": "object",
									"default": {},
									"title": "The customerAddress Schema",
									"required": [
										"streetName",
										"buildingNumber",
										"buildingName",
										"floor",
										"postBox",
										"room",
										"postcode",
										"townName",
										"country",
										"addressType"
									],
									"properties": {
										"streetName": {
											"type": "string",
											"default": "",
											"title": "The streetName Schema",
											"examples": [
												"BTUUTV ECLR"
											]
										},
										"buildingNumber": {
											"type": "string",
											"default": "",
											"title": "The buildingNumber Schema",
											"examples": [
												"7"
											]
										},
										"buildingName": {
											"type": "string",
											"default": "",
											"title": "The buildingName Schema",
											"examples": [
												"HLQICQS ULSLE XCDUVTM"
											]
										},
										"floor": {
											"type": "string",
											"default": "",
											"title": "The floor Schema",
											"examples": [
												"03"
											]
										},
										"postBox": {
											"type": "string",
											"default": "",
											"title": "The postBox Schema",
											"examples": [
												""
											]
										},
										"room": {
											"type": "string",
											"default": "",
											"title": "The room Schema",
											"examples": [
												"19"
											]
										},
										"postcode": {
											"type": "string",
											"default": "",
											"title": "The postcode Schema",
											"examples": [
												"000089053"
											]
										},
										"townName": {
											"type": "string",
											"default": "",
											"title": "The townName Schema",
											"examples": [
												"SINGAPORE"
											]
										},
										"country": {
											"type": "string",
											"default": "",
											"title": "The country Schema",
											"examples": [
												"SG"
											]
										},
										"addressType": {
											"type": "string",
											"enum": ["HOME-Home", "OFFI-Office","RESD-Residential"],
											"default": "",
											"title": "The addressType Schema",
											"examples": [
												""
											]
										}
									},
									"examples": [
										{
											"streetName": "BTUUTV ECLR",
											"buildingNumber": "7",
											"buildingName": "HLQICQS ULSLE XCDUVTM",
											"floor": "03",
											"postBox": "",
											"room": "19",
											"postcode": "000089053",
											"townName": "SINGAPORE",
											"country": "SG",
											"addressType": ""
										}
									]
								},
								"customisedName": {
									"type": "string",
									"default": "",
									"title": "The customisedName Schema",
									"examples": [
										""
									]
								},
								"customerId": {
									"type": "object",
									"default": {},
									"title": "The customerId Schema",
									"required": [
										"idType",
										"idNumber",
										"idIssueCountry"
									],
									"properties": {
										"idType": {
											"type": "string",
											"default": "",
											"enum": ["NIC- New IC","PPT - Passport", "BRN - Business Registration Number"],
											"title": "The idType Schema",
											"examples": [
												"BR"
											]
										},
										"idNumber": {
											"type": "string",
											"default": "",
											"title": "The idNumber Schema",
											"examples": [
												"19970481Z"
											]
										},
										"idIssueCountry": {
											"type": "string",
											"default": "",
											"title": "The idIssueCountry Schema",
											"examples": [
												"SG"
											]
										}
									},
									"examples": [
										{
											"idType": "BR",
											"idNumber": "19970481Z",
											"idIssueCountry": "SG"
										}
									]
								},
								"customerNationality": {
									"type": "string",
									"default": "",
									"title": "The customerNationality Schema",
									"examples": [
										"MY"
									]
								},
								"foreignWorkerInd": {
									"type": "string",
									"default": "",
									"enum": ["Y- Foreign Worker","N- Not a Foreign Worker"],
									"title": "The foreignWorkerInd Schema",
									"examples": [
										"Y"
									]
								},
								"citizenship": {
									"type": "string",
									"default": "",
									"enum": ["1- Malaysian","2 - Non Malaysian"],
									"title": "The citizenship Schema",
									"examples": [
										" "
									]
								},
								"emailId": {
									"type": "string",
									"default": "",
									"title": "The emailId Schema",
									"examples": [
										""
									]
								},
								"hpPhoneNumber": {
									"type": "string",
									"default": "",
									"title": "The hpPhoneNumber Schema",
									"examples": [
										""
									]
								},
								"staffInd": {
									"type": "string",
									"default": "",
									"enum": ["Y- Staff","N- Non Staff"],
									"title": "The staffInd Schema",
									"examples": [
										""
									]
								}
							},
							"examples": [
								{
									"customerType": "O",
									"cifNumber": "S013824",
									"customerName": {
										"fullName": "MAYBANK:TESTER"
									},
									"customerAddress": {
										"streetName": "BTUUTV ECLR",
										"buildingNumber": "7",
										"buildingName": "HLQICQS ULSLE XCDUVTM",
										"floor": "03",
										"postBox": "",
										"room": "19",
										"postcode": "000089053",
										"townName": "SINGAPORE",
										"country": "SG",
										"addressType": ""
									},
									"customisedName": "",
									"customerId": {
										"idType": "BR",
										"idNumber": "19970481Z",
										"idIssueCountry": "SG"
									},
									"customerNationality": "MY",
									"foreignWorkerInd": "Y",
									"citizenship": " ",
									"emailId": "",
									"hpPhoneNumber": "",
									"staffInd": ""
								}
							]
						},
						"accountInfo": {
							"type": "object",
							"default": {},
							"title": "The accountInfo Schema",
							"required": [
								"accountNumber",
								"accountCurrency",
								"accountAddress",
								"accountType",
								"accountName"
							],
							"properties": {
								"accountNumber": {
									"type": "string",
									"default": "",
									"title": "The accountNumber Schema",
									"examples": [
										"04131001191413100119"
									]
								},
								"accountCurrency": {
									"type": "string",
									"default": "",
									"title": "The accountCurrency Schema",
									"examples": [
										"SGD"
									]
								},
								"accountAddress": {
									"type": "object",
									"default": {},
									"title": "The accountAddress Schema",
									"required": [
										"streetName",
										"buildingNumber",
										"buildingName",
										"floor",
										"postBox",
										"room",
										"postcode",
										"townName",
										"country",
										"addressType"
									],
									"properties": {
										"streetName": {
											"type": "string",
											"default": "",
											"title": "The streetName Schema",
											"examples": [
												""
											]
										},
										"buildingNumber": {
											"type": "string",
											"default": "",
											"title": "The buildingNumber Schema",
											"examples": [
												""
											]
										},
										"buildingName": {
											"type": "string",
											"default": "",
											"title": "The buildingName Schema",
											"examples": [
												""
											]
										},
										"floor": {
											"type": "string",
											"default": "",
											"title": "The floor Schema",
											"examples": [
												""
											]
										},
										"postBox": {
											"type": "string",
											"default": "",
											"title": "The postBox Schema",
											"examples": [
												""
											]
										},
										"room": {
											"type": "string",
											"default": "",
											"title": "The room Schema",
											"examples": [
												""
											]
										},
										"postcode": {
											"type": "string",
											"default": "",
											"title": "The postcode Schema",
											"examples": [
												""
											]
										},
										"townName": {
											"type": "string",
											"default": "",
											"title": "The townName Schema",
											"examples": [
												""
											]
										},
										"country": {
											"type": "string",
											"default": "",
											"title": "The country Schema",
											"examples": [
												""
											]
										},
										"addressType": {
											"type": "string",
											"enum": ["HOME-Home", "OFFI-Office","RESD-Residential"],
											"default": "",
											"title": "The addressType Schema",
											"examples": [
												""
											]
										}
									},
									"examples": [
										{
											"streetName": "",
											"buildingNumber": "",
											"buildingName": "",
											"floor": "",
											"postBox": "",
											"room": "",
											"postcode": "",
											"townName": "",
											"country": "",
											"addressType": ""
										}
									]
								},
								"accountType": {
									"type": "string",
									"default": "",
									"enum": ["SA- Saving","CA- Current","CC-Credit Card"],
									"title": "The accountType Schema",
									"examples": [
										"CA"
									]
								},
								"accountName": {
									"type": "array",
									"default": [],
									"title": "The accountName Schema",
									"items": {
										"type": "object",
										"default": {},
										"title": "A Schema",
										"required": [
											"fullName"
										],
										"properties": {
											"fullName": {
												"type": "string",
												"default": "",
												"title": "The fullName Schema",
												"examples": [
													"Deuts"
												]
											}
										},
										"examples": [
											{
												"fullName": "Deuts"
											}
										]
									},
									"examples": [
										[
											{
												"fullName": "Deuts"
											}
										]
									]
								}
							},
							"examples": [
								{
									"accountNumber": "04131001191413100119",
									"accountCurrency": "SGD",
									"accountAddress": {
										"streetName": "",
										"buildingNumber": "",
										"buildingName": "",
										"floor": "",
										"postBox": "",
										"room": "",
										"postcode": "",
										"townName": "",
										"country": "",
										"addressType": ""
									},
									"accountType": "CA",
									"accountName": [
										{
											"fullName": "Deuts"
										}
									]
								}
							]
						},
						"bankInfo": {
							"type": "object",
							"default": {},
							"title": "The bankInfo Schema",
							"required": [
								"bankCode",
								"branchCode",
								"swiftBIC",
								"bankName"
							],
							"properties": {
								"bankCode": {
									"type": "string",
									"default": "",
									"title": "The bankCode Schema",
									"examples": [
										"7302"
									]
								},
								"branchCode": {
									"type": "string",
									"default": "",
									"title": "The branchCode Schema",
									"examples": [
										"1"
									]
								},
								"swiftBIC": {
									"type": "string",
									"default": "",
									"title": "The swiftBIC Schema",
									"examples": [
										"MBBESGS2XXX"
									]
								},
								"bankName": {
									"type": "string",
									"default": "",
									"title": "The bankName Schema",
									"examples": [
										" "
									]
								}
							},
							"examples": [
								{
									"bankCode": "7302",
									"branchCode": "1",
									"swiftBIC": "MBBESGS2XXX",
									"bankName": " "
								}
							]
						}
					},
					"examples": [
						{
							"customerInfo": {
								"customerType": "O",
								"cifNumber": "S013824",
								"customerName": {
									"fullName": "MAYBANK:TESTER"
								},
								"customerAddress": {
									"streetName": "BTUUTV ECLR",
									"buildingNumber": "7",
									"buildingName": "HLQICQS ULSLE XCDUVTM",
									"floor": "03",
									"postBox": "",
									"room": "19",
									"postcode": "000089053",
									"townName": "SINGAPORE",
									"country": "SG",
									"addressType": ""
								},
								"customisedName": "",
								"customerId": {
									"idType": "BR",
									"idNumber": "19970481Z",
									"idIssueCountry": "SG"
								},
								"customerNationality": "MY",
								"foreignWorkerInd": "Y",
								"citizenship": " ",
								"emailId": "",
								"hpPhoneNumber": "",
								"staffInd": ""
							},
							"accountInfo": {
								"accountNumber": "04131001191413100119",
								"accountCurrency": "SGD",
								"accountAddress": {
									"streetName": "",
									"buildingNumber": "",
									"buildingName": "",
									"floor": "",
									"postBox": "",
									"room": "",
									"postcode": "",
									"townName": "",
									"country": "",
									"addressType": ""
								},
								"accountType": "CA",
								"accountName": [
									{
										"fullName": "Deuts"
									}
								]
							},
							"bankInfo": {
								"bankCode": "7302",
								"branchCode": "1",
								"swiftBIC": "MBBESGS2XXX",
								"bankName": " "
							}
						}
					]
				},
				"creditorInfo": {
					"type": "object",
					"default": {},
					"title": "The creditorInfo Schema",
					"required": [
						"customerInfo",
						"accountInfo",
						"bankInfo"
					],
					"properties": {
						"customerInfo": {
							"type": "object",
							"default": {},
							"title": "The customerInfo Schema",
							"required": [
								"customerType",
								"cifNumber",
								"customerName",
								"customerAddress",
								"customisedName",
								"customerId",
								"customerNationality",
								"foreignWorkerInd",
								"citizenship",
								"emailId",
								"hpPhoneNumber",
								"staffInd"
							],
							"properties": {
								"customerType": {
									"type": "string",
									"enum": ["I-Individual", "O-Corporate"],
									"default": "",
									"title": "The customerType Schema",
									"examples": [
										"I"
									]
								},
								"cifNumber": {
									"type": "string",
									"default": "",
									"title": "The cifNumber Schema",
									"examples": [
										"S013824"
									]
								},
								"customerName": {
									"type": "object",
									"default": {},
									"title": "The customerName Schema",
									"required": [
										"fullName"
									],
									"properties": {
										"fullName": {
											"type": "string",
											"default": "",
											"title": "The fullName Schema",
											"examples": [
												"Deuts"
											]
										}
									},
									"examples": [
										{
											"fullName": "Deuts"
										}
									]
								},
								"customerAddress": {
									"type": "object",
									"default": {},
									"title": "The customerAddress Schema",
									"required": [
										"streetName",
										"buildingNumber",
										"buildingName",
										"floor",
										"postBox",
										"room",
										"postcode",
										"townName",
										"country",
										"addressType"
									],
									"properties": {
										"streetName": {
											"type": "string",
											"default": "",
											"title": "The streetName Schema",
											"examples": [
												""
											]
										},
										"buildingNumber": {
											"type": "string",
											"default": "",
											"title": "The buildingNumber Schema",
											"examples": [
												""
											]
										},
										"buildingName": {
											"type": "string",
											"default": "",
											"title": "The buildingName Schema",
											"examples": [
												""
											]
										},
										"floor": {
											"type": "string",
											"default": "",
											"title": "The floor Schema",
											"examples": [
												""
											]
										},
										"postBox": {
											"type": "string",
											"default": "",
											"title": "The postBox Schema",
											"examples": [
												""
											]
										},
										"room": {
											"type": "string",
											"default": "",
											"title": "The room Schema",
											"examples": [
												""
											]
										},
										"postcode": {
											"type": "string",
											"default": "",
											"title": "The postcode Schema",
											"examples": [
												""
											]
										},
										"townName": {
											"type": "string",
											"default": "",
											"title": "The townName Schema",
											"examples": [
												""
											]
										},
										"country": {
											"type": "string",
											"default": "",
											"title": "The country Schema",
											"examples": [
												""
											]
										},
										"addressType": {
											"type": "string",
											"default": "",
											"enum": ["HOME-Home", "OFFI-Office","RESD-Residential"],
											"title": "The addressType Schema",
											"examples": [
												""
											]
										}
									},
									"examples": [
										{
											"streetName": "",
											"buildingNumber": "",
											"buildingName": "",
											"floor": "",
											"postBox": "",
											"room": "",
											"postcode": "",
											"townName": "",
											"country": "",
											"addressType": ""
										}
									]
								},
								"customisedName": {
									"type": "string",
									"default": "",
									"title": "The customisedName Schema",
									"examples": [
										"Deuts"
									]
								},
								"customerId": {
									"type": "object",
									"default": {},
									"title": "The customerId Schema",
									"required": [
										"idType",
										"idNumber",
										"idIssueCountry"
									],
									"properties": {
										"idType": {
											"type": "string",
											"default": "",
											"enum": ["NIC- New IC","PPT - Passport", "BRN - Business Registration Number"],
											"title": "The idType Schema",
											"examples": [
												" "
											]
										},
										"idNumber": {
											"type": "string",
											"default": "",
											"title": "The idNumber Schema",
											"examples": [
												"1234"
											]
										},
										"idIssueCountry": {
											"type": "string",
											"default": "",
											"title": "The idIssueCountry Schema",
											"examples": [
												""
											]
										}
									},
									"examples": [
										{
											"idType": " ",
											"idNumber": "1234",
											"idIssueCountry": ""
										}
									]
								},
								"customerNationality": {
									"type": "string",
									"default": "",
									"title": "The customerNationality Schema",
									"examples": [
										"MY"
									]
								},
								"foreignWorkerInd": {
									"type": "string",
									"default": "",
									"enum": ["Y- Foreign Worker","N- Not a Foreign Worker"],
									"title": "The foreignWorkerInd Schema",
									"examples": [
										"N"
									]
								},
								"citizenship": {
									"type": "string",
									"enum": ["1- Malaysian","2 - Non Malaysian"],
									"default": "",
									"title": "The citizenship Schema",
									"examples": [
										""
									]
								},
								"emailId": {
									"type": "string",
									"default": "",
									"title": "The emailId Schema",
									"examples": [
										""
									]
								},
								"hpPhoneNumber": {
									"type": "string",
									"default": "",
									"title": "The hpPhoneNumber Schema",
									"examples": [
										""
									]
								},
								"staffInd": {
									"type": "string",
									"enum": ["Y- Staff","N- Non Staff"],
									"default": "",
									"title": "The staffInd Schema",
									"examples": [
										""
									]
								}
							},
							"examples": [
								{
									"customerType": "I",
									"cifNumber": "S013824",
									"customerName": {
										"fullName": "Deuts"
									},
									"customerAddress": {
										"streetName": "",
										"buildingNumber": "",
										"buildingName": "",
										"floor": "",
										"postBox": "",
										"room": "",
										"postcode": "",
										"townName": "",
										"country": "",
										"addressType": ""
									},
									"customisedName": "Deuts",
									"customerId": {
										"idType": " ",
										"idNumber": "1234",
										"idIssueCountry": ""
									},
									"customerNationality": "MY",
									"foreignWorkerInd": "N",
									"citizenship": "",
									"emailId": "",
									"hpPhoneNumber": "",
									"staffInd": ""
								}
							]
						},
						"accountInfo": {
							"type": "object",
							"default": {},
							"title": "The accountInfo Schema",
							"required": [
								"accountNumber",
								"accountCurrency",
								"accountAddress",
								"accountType",
								"accountName"
							],
							"properties": {
								"accountNumber": {
									"type": "string",
									"default": "",
									"title": "The accountNumber Schema",
									"examples": [
										"10202304040"
									]
								},
								"accountCurrency": {
									"type": "string",
									"default": "",
									"title": "The accountCurrency Schema",
									"examples": [
										"MYR"
									]
								},
								"accountAddress": {
									"type": "object",
									"default": {},
									"title": "The accountAddress Schema",
									"required": [
										"streetName",
										"buildingNumber",
										"buildingName",
										"floor",
										"postBox",
										"room",
										"postcode",
										"townName",
										"country",
										"addressType"
									],
									"properties": {
										"streetName": {
											"type": "string",
											"default": "",
											"title": "The streetName Schema",
											"examples": [
												""
											]
										},
										"buildingNumber": {
											"type": "string",
											"default": "",
											"title": "The buildingNumber Schema",
											"examples": [
												""
											]
										},
										"buildingName": {
											"type": "string",
											"default": "",
											"title": "The buildingName Schema",
											"examples": [
												""
											]
										},
										"floor": {
											"type": "string",
											"default": "",
											"title": "The floor Schema",
											"examples": [
												""
											]
										},
										"postBox": {
											"type": "string",
											"default": "",
											"title": "The postBox Schema",
											"examples": [
												""
											]
										},
										"room": {
											"type": "string",
											"default": "",
											"title": "The room Schema",
											"examples": [
												""
											]
										},
										"postcode": {
											"type": "string",
											"default": "",
											"title": "The postcode Schema",
											"examples": [
												""
											]
										},
										"townName": {
											"type": "string",
											"default": "",
											"title": "The townName Schema",
											"examples": [
												""
											]
										},
										"country": {
											"type": "string",
											"default": "",
											"title": "The country Schema",
											"examples": [
												""
											]
										},
										"addressType": {
											"type": "string",
											"enum": ["HOME-Home", "OFFI-Office","RESD-Residential"],
											"default": "",
											"title": "The addressType Schema",
											"examples": [
												""
											]
										}
									},
									"examples": [
										{
											"streetName": "",
											"buildingNumber": "",
											"buildingName": "",
											"floor": "",
											"postBox": "",
											"room": "",
											"postcode": "",
											"townName": "",
											"country": "",
											"addressType": ""
										}
									]
								},
								"accountType": {
									"type": "string",
									"default": "",
									"enum": ["SA- Saving","CA- Current","CC-Credit Card"],
									"title": "The accountType Schema",
									"examples": [
										"CA"
									]
								},
								"accountName": {
									"type": "array",
									"default": [],
									"title": "The accountName Schema",
									"items": {
										"type": "object",
										"default": {},
										"title": "A Schema",
										"required": [
											"fullName"
										],
										"properties": {
											"fullName": {
												"type": "string",
												"default": "",
												"title": "The fullName Schema",
												"examples": [
													"Deuts"
												]
											}
										},
										"examples": [
											{
												"fullName": "Deuts"
											}
										]
									},
									"examples": [
										[
											{
												"fullName": "Deuts"
											}
										]
									]
								}
							},
							"examples": [
								{
									"accountNumber": "10202304040",
									"accountCurrency": "MYR",
									"accountAddress": {
										"streetName": "",
										"buildingNumber": "",
										"buildingName": "",
										"floor": "",
										"postBox": "",
										"room": "",
										"postcode": "",
										"townName": "",
										"country": "",
										"addressType": ""
									},
									"accountType": "CA",
									"accountName": [
										{
											"fullName": "Deuts"
										}
									]
								}
							]
						},
						"bankInfo": {
							"type": "object",
							"default": {},
							"title": "The bankInfo Schema",
							"required": [
								"bankCode",
								"branchCode",
								"swiftBIC",
								"bankName"
							],
							"properties": {
								"bankCode": {
									"type": "string",
									"default": "",
									"title": "The bankCode Schema",
									"examples": [
										"1002"
									]
								},
								"branchCode": {
									"type": "string",
									"default": "",
									"title": "The branchCode Schema",
									"examples": [
										"231"
									]
								},
								"swiftBIC": {
									"type": "string",
									"default": "",
									"title": "The swiftBIC Schema",
									"examples": [
										"DEUTMY21"
									]
								},
								"bankName": {
									"type": "string",
									"default": "",
									"title": "The bankName Schema",
									"examples": [
										""
									]
								}
							},
							"examples": [
								{
									"bankCode": "1002",
									"branchCode": "231",
									"swiftBIC": "DEUTMY21",
									"bankName": ""
								}
							]
						}
					},
					"examples": [
						{
							"customerInfo": {
								"customerType": "I",
								"cifNumber": "S013824",
								"customerName": {
									"fullName": "Deuts"
								},
								"customerAddress": {
									"streetName": "",
									"buildingNumber": "",
									"buildingName": "",
									"floor": "",
									"postBox": "",
									"room": "",
									"postcode": "",
									"townName": "",
									"country": "",
									"addressType": ""
								},
								"customisedName": "Deuts",
								"customerId": {
									"idType": " ",
									"idNumber": "1234",
									"idIssueCountry": ""
								},
								"customerNationality": "MY",
								"foreignWorkerInd": "N",
								"citizenship": "",
								"emailId": "",
								"hpPhoneNumber": "",
								"staffInd": ""
							},
							"accountInfo": {
								"accountNumber": "10202304040",
								"accountCurrency": "MYR",
								"accountAddress": {
									"streetName": "",
									"buildingNumber": "",
									"buildingName": "",
									"floor": "",
									"postBox": "",
									"room": "",
									"postcode": "",
									"townName": "",
									"country": "",
									"addressType": ""
								},
								"accountType": "CA",
								"accountName": [
									{
										"fullName": "Deuts"
									}
								]
							},
							"bankInfo": {
								"bankCode": "1002",
								"branchCode": "231",
								"swiftBIC": "DEUTMY21",
								"bankName": ""
							}
						}
					]
				},
				"paymentInfo": {
					"type": "object",
					"default": {},
					"title": "The paymentInfo Schema",
					"required": [
						"debitDetails",
						"rateInfo",
						"creditDetails",
						"transDetails",
						"purposeCode",
						"subPurposeCode",
						"islamicInd",
						"relationStatus"
					],
					"properties": {
						"debitDetails": {
							"type": "object",
							"default": {},
							"title": "The debitDetails Schema",
							"required": [
								"debitAmount",
								"debitedDate",
								"debitCurrency"
							],
							"properties": {
								"debitAmount": {
									"type": "string",
									"default": "",
									"pattern": "^[0-9]{1,13}(\\.[0-9]{2})?$",
									"title": "The debitAmount Schema",
									"examples": [
										"3450.00"
									]
								},
								"debitedDate": {
									"type": "string",
									"default": "",
									"format": "date",
									"pattern": "^(\\d{4})(\\d{2})(\\d{2})$",
									"title": "The debitedDate Schema",
									"examples": [
										"20230913"
									]
								},
								"debitCurrency": {
									"type": "string",
									"default": "",
									"enum": ["SGD","MYR"],
									"title": "The debitCurrency Schema",
									"examples": [
										"SGD"
									]
								}
							},
							"examples": [
								{
									"debitAmount": "3450.00",
									"debitedDate": "20230913",
									"debitCurrency": "SGD"
								}
							]
						},
						"rateInfo": {
							"type": "object",
							"default": {},
							"title": "The rateInfo Schema",
							"required": [
								"exchangeRate",
								"dealNumber",
								"conversionUnits",
								"rateType",
								"dealID"
							],
							"properties": {
								"exchangeRate": {
									"type": "string",
									"default": "",
									"title": "The exchangeRate Schema",
									"pattern": "^[0-9]{1,6}(\\.[0-9]{7})?$",
									"examples": [
										"3.0637000"
									]
								},
								"dealNumber": {
									"type": "string",
									"default": "",
									"title": "The dealNumber Schema",
									"examples": [
										""
									]
								},
								"conversionUnits": {
									"type": "integer",
									"default": 0,
									"title": "The conversionUnits Schema",
									"examples": [
										100
									]
								},
								"rateType": {
									"type": "string",
									"default": "",
									"enum": ["1-Counter", "3-Staff","4-Special"],
									"title": "The rateType Schema",
									"examples": [
										"1"
									]
								},
								"dealID": {
									"type": "string",
									"default": "",
									"title": "The dealID Schema",
									"examples": [
										""
									]
								}
							},
							"examples": [
								{
									"exchangeRate": "3.0637000",
									"dealNumber": "",
									"conversionUnits": 100,
									"rateType": "1",
									"dealID": ""
								}
							]
						},
						"creditDetails": {
							"type": "object",
							"default": {},
							"title": "The creditDetails Schema",
							"required": [
								"creditAmount",
								"creditCurrency",
								"creditDate"
							],
							"properties": {
								"creditAmount": {
									"type": "string",
									"default": "",
									"pattern": "^[0-9]{1,13}(\\.[0-9]{2})?$",
									"title": "The creditAmount Schema",
									"examples": [
										"10776.14"
									]
								},
								"creditCurrency": {
									"type": "string",
									"default": "",
									"enum": ["MYR","SGD"],
									"title": "The creditCurrency Schema",
									"examples": [
										"MYR"
									]
								},
								"creditDate": {
									"type": "string",
									"default": "",
									"format": "date",
									"pattern":"^(\\d{4})(\\d{2})(\\d{2})$",
									"title": "The creditDate Schema",
									"examples": [
										""
									]
								}
							},
							"examples": [
								{
									"creditAmount": "10776.14",
									"creditCurrency": "MYR",
									"creditDate": ""
								}
							]
						},
						"transDetails": {
							"type": "string",
							"default": "",
							"title": "The transDetails Schema",
							"examples": [
								"test"
							]
						},
						"purposeCode": {
							"type": "string",
							"default": "",
							"title": "The purposeCode Schema",
							"examples": [
								"00B28"
							]
						},
						"subPurposeCode": {
							"type": "string",
							"default": "",
							"title": "The subPurposeCode Schema",
							"examples": [
								""
							]
						},
						"islamicInd": {
							"type": "string",
							"default": "",
							"enum": ["I-Islamic", "C-Conventional"],
							"title": "The islamicInd Schema",
							"examples": [
								"C"
							]
						},
						"relationStatus": {
							"type": "string",
							"default": "",
							"enum": ["1- Related", "2-Not Related","3- Spouse","4- Children","5- Parents","6- Siblings"],
							"title": "The relationStatus Schema",
							"examples": [
								"1"
							]
						}
					},
					"examples": [
						{
							"debitDetails": {
								"debitAmount": "3450.00",
								"debitedDate": "20230913",
								"debitCurrency": "SGD"
							},
							"rateInfo": {
								"exchangeRate": "3.0637000",
								"dealNumber": "",
								"conversionUnits": 100,
								"rateType": "1",
								"dealID": ""
							},
							"creditDetails": {
								"creditAmount": "10776.14",
								"creditCurrency": "MYR",
								"creditDate": ""
							},
							"transDetails": "test",
							"purposeCode": "00B28",
							"subPurposeCode": "",
							"islamicInd": "C",
							"relationStatus": "1"
						}
					]
				},
				"chargesInfo": {
					"type": "object",
					"default": {},
					"title": "The chargesInfo Schema",
					"required": [
						"agentFee",
						"serviceChargeAmt",
						"othCharge1",
						"othCharge2",
						"fcServiceCharges",
						"fcAgentFee",
						"othCharge1Fca",
						"othCharge2Fca"
					],
					"properties": {
						"agentFee": {
							"type": "string",
							"default": "",
							"pattern": "^[0-9]{1,13}(\\.[0-9]{2})?$",
							"title": "The agentFee Schema",
							"examples": [
								"0.00"
							]
						},
						"serviceChargeAmt": {
							"type": "string",
							"pattern": "^[0-9]{1,13}(\\.[0-9]{2})?$",
							"default": "",
							"title": "The serviceChargeAmt Schema",
							"examples": [
								"10.00"
							]
						},
						"othCharge1": {
							"type": "string",
							"pattern": "^[0-9]{1,13}(\\.[0-9]{2})?$",
							"default": "",
							"title": "The othCharge1 Schema",
							"examples": [
								"10.00"
							]
						},
						"othCharge2": {
							"type": "string",
							"pattern": "^[0-9]{1,13}(\\.[0-9]{2})?$",
							"default": "",
							"title": "The othCharge2 Schema",
							"examples": [
								"5.00"
							]
						},
						"fcServiceCharges": {
							"type": "string",
							"pattern": "^[0-9]{1,13}(\\.[0-9]{2})?$",
							"default": "",
							"title": "The fcServiceCharges Schema",
							"examples": [
								""
							]
						},
						"fcAgentFee": {
							"type": "string",
							"pattern": "^[0-9]{1,13}(\\.[0-9]{2})?$",
							"default": "",
							"title": "The fcAgentFee Schema",
							"examples": [
								""
							]
						},
						"othCharge1Fca": {
							"type": "string",
							"pattern": "^[0-9]{1,13}(\\.[0-9]{2})?$",
							"default": "",
							"title": "The othCharge1Fca Schema",
							"examples": [
								""
							]
						},
						"othCharge2Fca": {
							"type": "string",
							"pattern": "^[0-9]{1,13}(\\.[0-9]{2})?$",
							"default": "",
							"title": "The othCharge2Fca Schema",
							"examples": [
								""
							]
						}
					},
					"examples": [
						{
							"agentFee": "0.00",
							"serviceChargeAmt": "10.00",
							"othCharge1": "10.00",
							"othCharge2": "5.00",
							"fcServiceCharges": "",
							"fcAgentFee": "",
							"othCharge1Fca": "",
							"othCharge2Fca": ""
						}
					]
				},
				"otherInfo": {
					"type": "object",
					"default": {},
					"title": "The otherInfo Schema",
					"required": [
						"referenceNumber",
						"serviceProvider",
						"rejectedTrans",
						"srvRefNo",
						"srvStatus",
						"oldRefNumber",
						"bizmessageIdInq",
						"valueDate",
						"processCode"
					],
					"properties": {
						"referenceNumber": {
							"type": "string",
							"default": "",
							"title": "The referenceNumber Schema",
							"examples": [
								"SMRU1409CAC345"
							]
						},
						"serviceProvider": {
							"type": "string",
							"default": "",
							"enum": ["RENTAS","RPP","MBB"],
							"title": "The serviceProvider Schema",
							"examples": [
								"RENTAS"
							]
						},
						"rejectedTrans": {
							"type": "string",
							"default": "",
							"enum": ["Y-Rejected", "N-Non Rejected"],
							"title": "The rejectedTrans Schema",
							"examples": [
								"N"
							]
						},
						"srvRefNo": {
							"type": "string",
							"default": "",
							"title": "The srvRefNo Schema",
							"examples": [
								""
							]
						},
						"srvStatus": {
							"type": "string",
							"default": "",
							"title": "The srvStatus Schema",
							"examples": [
								""
							]
						},
						"oldRefNumber": {
							"type": "string",
							"default": "",
							"title": "The oldRefNumber Schema",
							"examples": [
								""
							]
						},
						"bizmessageIdInq": {
							"type": "string",
							"default": "",
							"title": "The bizmessageIdInq Schema",
							"examples": [
								"20230914MBBEMYKL110ORB90022095"
							]
						},
						"valueDate": {
							"type": "string",
							"default": "",
							"format": "date",
							"pattern": "^\\d{4}\\d{2}\\d{2}$",
							"title": "The valueDate Schema",
							"examples": [
								""
							]
						},
						"processCode": {
							"type": "string",
							"default": "",
							"title": "The processCode Schema",
							"examples": [
								""
							]
						}
					},
					"examples": [
						{
							"referenceNumber": "SMRU1409CAC345",
							"serviceProvider": "RENTAS",
							"rejectedTrans": "N",
							"srvRefNo": "",
							"srvStatus": "",
							"oldRefNumber": "",
							"bizmessageIdInq": "20230914MBBEMYKL110ORB90022095",
							"valueDate": "",
							"processCode": ""
						}
					]
				}
			},
			"examples": [
				{
					"debitorInfo": {
						"customerInfo": {
							"customerType": "O",
							"cifNumber": "S013824",
							"customerName": {
								"fullName": "MAYBANK:TESTER"
							},
							"customerAddress": {
								"streetName": "BTUUTV ECLR",
								"buildingNumber": "7",
								"buildingName": "HLQICQS ULSLE XCDUVTM",
								"floor": "03",
								"postBox": "",
								"room": "19",
								"postcode": "000089053",
								"townName": "SINGAPORE",
								"country": "SG",
								"addressType": ""
							},
							"customisedName": "",
							"customerId": {
								"idType": "BR",
								"idNumber": "19970481Z",
								"idIssueCountry": "SG"
							},
							"customerNationality": "MY",
							"foreignWorkerInd": "Y",
							"citizenship": " ",
							"emailId": "",
							"hpPhoneNumber": "",
							"staffInd": ""
						},
						"accountInfo": {
							"accountNumber": "04131001191413100119",
							"accountCurrency": "SGD",
							"accountAddress": {
								"streetName": "",
								"buildingNumber": "",
								"buildingName": "",
								"floor": "",
								"postBox": "",
								"room": "",
								"postcode": "",
								"townName": "",
								"country": "",
								"addressType": ""
							},
							"accountType": "CA",
							"accountName": [
								{
									"fullName": "Deuts"
								}
							]
						},
						"bankInfo": {
							"bankCode": "7302",
							"branchCode": "1",
							"swiftBIC": "MBBESGS2XXX",
							"bankName": " "
						}
					},
					"creditorInfo": {
						"customerInfo": {
							"customerType": "I",
							"cifNumber": "S013824",
							"customerName": {
								"fullName": "Deuts"
							},
							"customerAddress": {
								"streetName": "",
								"buildingNumber": "",
								"buildingName": "",
								"floor": "",
								"postBox": "",
								"room": "",
								"postcode": "",
								"townName": "",
								"country": "",
								"addressType": ""
							},
							"customisedName": "Deuts",
							"customerId": {
								"idType": " ",
								"idNumber": "1234",
								"idIssueCountry": ""
							},
							"customerNationality": "MY",
							"foreignWorkerInd": "N",
							"citizenship": "",
							"emailId": "",
							"hpPhoneNumber": "",
							"staffInd": ""
						},
						"accountInfo": {
							"accountNumber": "10202304040",
							"accountCurrency": "MYR",
							"accountAddress": {
								"streetName": "",
								"buildingNumber": "",
								"buildingName": "",
								"floor": "",
								"postBox": "",
								"room": "",
								"postcode": "",
								"townName": "",
								"country": "",
								"addressType": ""
							},
							"accountType": "CA",
							"accountName": [
								{
									"fullName": "Deuts"
								}
							]
						},
						"bankInfo": {
							"bankCode": "1002",
							"branchCode": "231",
							"swiftBIC": "DEUTMY21",
							"bankName": ""
						}
					},
					"paymentInfo": {
						"debitDetails": {
							"debitAmount": "3450.00",
							"debitedDate": "20230913",
							"debitCurrency": "SGD"
						},
						"rateInfo": {
							"exchangeRate": "3.0637000",
							"dealNumber": "",
							"conversionUnits": 100,
							"rateType": "1",
							"dealID": ""
						},
						"creditDetails": {
							"creditAmount": "10776.14",
							"creditCurrency": "MYR",
							"creditDate": ""
						},
						"transDetails": "test",
						"purposeCode": "00B28",
						"subPurposeCode": "",
						"islamicInd": "C",
						"relationStatus": "1"
					},
					"chargesInfo": {
						"agentFee": "0.00",
						"serviceChargeAmt": "10.00",
						"othCharge1": "10.00",
						"othCharge2": "5.00",
						"fcServiceCharges": "",
						"fcAgentFee": "",
						"othCharge1Fca": "",
						"othCharge2Fca": ""
					},
					"otherInfo": {
						"referenceNumber": "SMRU1409CAC345",
						"serviceProvider": "RENTAS",
						"rejectedTrans": "N",
						"srvRefNo": "",
						"srvStatus": "",
						"oldRefNumber": "",
						"bizmessageIdInq": "20230914MBBEMYKL110ORB90022095",
						"valueDate": "",
						"processCode": ""
					}
				}
			]
		}
	},
	"examples": [
		{
			"requestHeader": {
				"transactionRefNo": "51152314090503264489",
				"sourceChannel": "SGM2U",
				"sourceId": "ESBMY",
				"sourceCountry": "SG",
				"destinationCountry": "MY",
				"transactionDate": "20230914",
				"transactionTime": "134305",
				"transactionType": "INWTRANS",
				"transactionSubType": "INWSGTOMY",
				"requestor": "testuser"
			},
			"requestBody": {
				"debitorInfo": {
					"customerInfo": {
						"customerType": "O",
						"cifNumber": "S013824",
						"customerName": {
							"fullName": "MAYBANK:TESTER"
						},
						"customerAddress": {
							"streetName": "BTUUTV ECLR",
							"buildingNumber": "7",
							"buildingName": "HLQICQS ULSLE XCDUVTM",
							"floor": "03",
							"postBox": "",
							"room": "19",
							"postcode": "000089053",
							"townName": "SINGAPORE",
							"country": "SG",
							"addressType": ""
						},
						"customisedName": "",
						"customerId": {
							"idType": "BR",
							"idNumber": "19970481Z",
							"idIssueCountry": "SG"
						},
						"customerNationality": "MY",
						"foreignWorkerInd": "Y",
						"citizenship": " ",
						"emailId": "",
						"hpPhoneNumber": "",
						"staffInd": ""
					},
					"accountInfo": {
						"accountNumber": "04131001191413100119",
						"accountCurrency": "SGD",
						"accountAddress": {
							"streetName": "",
							"buildingNumber": "",
							"buildingName": "",
							"floor": "",
							"postBox": "",
							"room": "",
							"postcode": "",
							"townName": "",
							"country": "",
							"addressType": ""
						},
						"accountType": "CA",
						"accountName": [
							{
								"fullName": "Deuts"
							}
						]
					},
					"bankInfo": {
						"bankCode": "7302",
						"branchCode": "1",
						"swiftBIC": "MBBESGS2XXX",
						"bankName": " "
					}
				},
				"creditorInfo": {
					"customerInfo": {
						"customerType": "I",
						"cifNumber": "S013824",
						"customerName": {
							"fullName": "Deuts"
						},
						"customerAddress": {
							"streetName": "",
							"buildingNumber": "",
							"buildingName": "",
							"floor": "",
							"postBox": "",
							"room": "",
							"postcode": "",
							"townName": "",
							"country": "",
							"addressType": ""
						},
						"customisedName": "Deuts",
						"customerId": {
							"idType": " ",
							"idNumber": "1234",
							"idIssueCountry": ""
						},
						"customerNationality": "MY",
						"foreignWorkerInd": "N",
						"citizenship": "",
						"emailId": "",
						"hpPhoneNumber": "",
						"staffInd": ""
					},
					"accountInfo": {
						"accountNumber": "10202304040",
						"accountCurrency": "MYR",
						"accountAddress": {
							"streetName": "",
							"buildingNumber": "",
							"buildingName": "",
							"floor": "",
							"postBox": "",
							"room": "",
							"postcode": "",
							"townName": "",
							"country": "",
							"addressType": ""
						},
						"accountType": "CA",
						"accountName": [
							{
								"fullName": "Deuts"
							}
						]
					},
					"bankInfo": {
						"bankCode": "1002",
						"branchCode": "231",
						"swiftBIC": "DEUTMY21",
						"bankName": ""
					}
				},
				"paymentInfo": {
					"debitDetails": {
						"debitAmount": "3450.00",
						"debitedDate": "20230913",
						"debitCurrency": "SGD"
					},
					"rateInfo": {
						"exchangeRate": "3.0637000",
						"dealNumber": "",
						"conversionUnits": 100,
						"rateType": "1",
						"dealID": ""
					},
					"creditDetails": {
						"creditAmount": "10776.14",
						"creditCurrency": "MYR",
						"creditDate": ""
					},
					"transDetails": "test",
					"purposeCode": "00B28",
					"subPurposeCode": "",
					"islamicInd": "C",
					"relationStatus": "1"
				},
				"chargesInfo": {
					"agentFee": "0.00",
					"serviceChargeAmt": "10.00",
					"othCharge1": "10.00",
					"othCharge2": "5.00",
					"fcServiceCharges": "",
					"fcAgentFee": "",
					"othCharge1Fca": "",
					"othCharge2Fca": ""
				},
				"otherInfo": {
					"referenceNumber": "SMRU1409CAC345",
					"serviceProvider": "RENTAS",
					"rejectedTrans": "N",
					"srvRefNo": "",
					"srvStatus": "",
					"oldRefNumber": "",
					"bizmessageIdInq": "20230914MBBEMYKL110ORB90022095",
					"valueDate": "",
					"processCode": ""
				}
			}
		}
	]
}